"Field","Definition","Recommended values or rule"
"Key","Zotero item identifier used to join files","Do not modify"
"Cluster","Broad substantive nucleus used for visualization","Develop a small mutually exclusive classification based on dominant contribution"
"Theory","Explicit theoretical framework","Do not infer a formal theory from keywords alone"
"Exposure","Condition or event that initiates the relationship","Distinguish stable position, volatility, idiosyncratic shock, and aggregate shock"
"Resources","Resources that prevent, absorb, or compensate exposure","Income, assets, savings, credit, networks, time, public protection"
"Mechanism","Process linking exposure and outcome","Describe the process and avoid treating every statistical mediator as causal"
"Outcome","Main dependent construct","Use comparable substantive labels"
"Design","Research design and identification strategy","Cross-sectional, panel, experiment, natural experiment, review, theoretical"
"Context","Country, population, age, and sample when relevant","Keep concise but auditable"
"Temporality","Order and time scale","Acute shock, volatility, accumulation, intergenerational exposure"
"Mechanism observation","Epistemic status of mechanism claim","Mentioned, Associated, Modelled, Identified"
"Paper function","Role in the manuscript","Framework, direct precedent, mechanism, method, context, contrast, discussion"
"Relevance","Proximity to the focal research question","Central, Complementary, Peripheral"
"Main finding","One-sentence claim useful for synthesis","Paraphrase; do not paste copyrighted passages"
"Limitation","Caution that affects how the source can be used","Identify a concrete inferential or measurement limitation"
