"Key","Title","Cluster","Theory","Exposure","Resources","Mechanism","Outcome","Design","Context","Temporality","Mechanism observation","Paper function","Relevance","Main finding","Limitation"
"V8L23PUT","A longitudinal examination of the family stress model of economic hardship in seven countries","Estrés e inversión familiar","Family Stress Model","Dificultad económica","Apoyo y afrontamiento","Presión económica, depresión parental y crianza","Salud mental adolescente","Longitudinal; mediación serial","Siete países","Procesos longitudinales","Modelado","Marco y mecanismos","Central","Apoyo parcial a cadenas de mediación familiares","La mediación no identifica por sí sola causalidad"
"XGMJWVKS","Validation of the family investment model in Norwegian families","Estrés e inversión familiar","Family Investment Model","SES y estrés financiero","Educación parental","Estimulación cognitiva parental","Vocabulario, autorregulación y logro","Longitudinal; multirrespondente","Noruega","Infancia temprana a escuela","Modelado","Marco complementario","Central","Efectos indirectos parcialmente consistentes con FIM","Contexto de bienestar fuerte"
"WCVGEXUM","Changes in Cognitive Outcomes in Early Childhood: The Role of Family Income and Volatility","Shocks y respuestas","Dinámica de ingresos","Nivel y volatilidad del ingreso","Estabilidad económica","Volatilidad ascendente o descendente","Vocabulario y resolución de problemas","Panel de cinco olas","Escocia","Cambio de corto plazo","Asociado","Evidencia principal","Central","La volatilidad añade información al ingreso promedio","Mecanismos familiares no observados"
"SPWJWGZ8","Wealth and Child Development: Differences in Associations by Family Income and Developmental Stage","Riqueza y amortiguación","Riqueza y desarrollo","Riqueza e ingreso","Patrimonio del hogar","Recursos acumulados","Desarrollo infantil","Por verificar","Estados Unidos","Etapas del desarrollo","Mencionado","Antecedente directo","Central","Por completar desde el texto","Ejemplo intencional de registro sin resumen"
"GP94QRGJ","Buffer-Stock Saving and Households' Response to Income Shocks","Riqueza y amortiguación","Ahorro precautorio","Shocks permanentes de ingreso","Riqueza y ahorro","Suavización del consumo","Consumo del hogar","Modelo estructural","Italia","Dinámica de ingreso, consumo y riqueza","Modelado","Fundamento de amortiguación","Central","Suavización limitada de shocks permanentes","No estudia resultados infantiles"
"FEPY56CM","Poverty Impedes Cognitive Function","Estrés e inversión familiar","Escasez y carga cognitiva","Presión financiera","Liquidez","Preocupaciones consumen recursos cognitivos","Desempeño cognitivo adulto","Experimentos","Estados Unidos e India","Cambio situacional","Identificado","Mecanismo psicológico","Complementario","La presión financiera reduce desempeño cognitivo","No estudia transmisión hacia niños"
"R3Z4ID27","Inequality of Opportunities at Early Ages: Evidence from Chile","Chile y ELPI","Desigualdad de oportunidades","Circunstancias familiares","Ingreso y educación parental","Transmisión intergeneracional","Vocabulario, talla y peso","Descomposición de oportunidades","Chile","Nacimiento a primera infancia","Asociado","Contexto chileno","Central","La desigualdad es mayor en vocabulario","No examina shocks"
"5F5W2LIG","Social Capital and Coping with Economic Shocks","Shocks y respuestas","Seguro informal","Shocks económicos","Capital social","Afrontamiento comunitario","Nutrición infantil","Panel con efectos fijos","Sudáfrica","Shock y respuesta","Modelado","Evidencia de amortiguación","Central","El capital social modera parte del efecto de los shocks","Capital social potencialmente endógeno"
"PM4JZ982","Socioeconomic gradients in child development: Evidence from a Chilean longitudinal study 2010–2017","Chile y ELPI","Gradientes y acumulación","Riqueza del hogar","Características maternas, libros y escuela","Mediación de gradientes","Lenguaje y habilidades socioemocionales","Panel de tres olas","Chile; ELPI","Siete años","Modelado","Antecedente chileno directo","Central","Persisten gradientes especialmente en lenguaje","Mediación observacional"
"INFLJ3QV","Net Worth Poverty and Child Development","Riqueza y amortiguación","Pobreza patrimonial","Pobreza de patrimonio neto","Activos y deuda","Privación de activos","Cognición y conducta","Panel; modelos mixtos","Estados Unidos","2002–2019","Asociado","Antecedente patrimonial directo","Central","La privación de activos explica gran parte de la asociación","Posible confusión no observada"
