"Key","Item Type","Publication Year","Author","Title","Publication Title","DOI","Url","Abstract Note","Automatic Tags"
"V8L23PUT","journalArticle","2022","Zietz, Susannah; Lansford, Jennifer E.; Liu, Qin","A longitudinal examination of the family stress model of economic hardship in seven countries","Children and Youth Services Review","10.1016/j.childyouth.2022.106661","https://doi.org/10.1016/j.childyouth.2022.106661","Longitudinal study of economic hardship, family processes, and adolescent mental health across seven countries.","Economic hardship; Family processes"
"XGMJWVKS","journalArticle","2026","Nærde, Ane; Hukkelberg, Silje; Backer-Grøndahl, Agathe","Validation of the family investment model in Norwegian families","Early Childhood Research Quarterly","10.1016/j.ecresq.2026.01.002","https://doi.org/10.1016/j.ecresq.2026.01.002","Longitudinal examination of parental education, financial stress, cognitive stimulation, and child development.","Family investment; Cognitive stimulation"
"WCVGEXUM","journalArticle","2022","Sosu, Edward M.; Schmidt, Peter","Changes in Cognitive Outcomes in Early Childhood: The Role of Family Income and Volatility","Frontiers in Psychology","10.3389/fpsyg.2022.758082","https://doi.org/10.3389/fpsyg.2022.758082","Panel analysis of income level, income volatility, and changes in early cognitive outcomes.","Income volatility; Cognitive development"
"SPWJWGZ8","journalArticle","2021","Miller, Portia; Podvysotska, Tamara; Betancur, Laura; Votruba-Drzal, Elizabeth","Wealth and Child Development: Differences in Associations by Family Income and Developmental Stage","RSF","10.7758/RSF.2021.7.3.07","https://doi.org/10.7758/RSF.2021.7.3.07","","Wealth; Child development"
"GP94QRGJ","journalArticle","2020","Fella, Giulio; Frache, Serafin; Koeniger, Winfried","Buffer-Stock Saving and Households' Response to Income Shocks","International Economic Review","10.1111/iere.12459","https://doi.org/10.1111/iere.12459","Structural estimation of consumption smoothing and buffer-stock saving after income shocks.","Income shocks; Buffer-stock saving"
"FEPY56CM","journalArticle","2013","Mani, Anandi; Mullainathan, Sendhil; Shafir, Eldar; Zhao, Jiaying","Poverty Impedes Cognitive Function","Science","10.1126/science.1238041","https://doi.org/10.1126/science.1238041","Experimental evidence on financial scarcity and cognitive performance.","Poverty; Cognitive load"
"R3Z4ID27","journalArticle","2017","Contreras, Dante; Puentes, Esteban","Inequality of Opportunities at Early Ages: Evidence from Chile","The Journal of Development Studies","10.1080/00220388.2016.1262025","https://doi.org/10.1080/00220388.2016.1262025","Study of family circumstances and inequality in vocabulary and health outcomes among Chilean children.","Chile; Inequality of opportunity"
"5F5W2LIG","journalArticle","2003","Carter, Michael R.; Maluccio, John A.","Social Capital and Coping with Economic Shocks","World Development","10.1016/S0305-750X(03)00062-7","https://doi.org/10.1016/S0305-750X(03)00062-7","Household panel study of social capital, economic shocks, and child nutrition in South Africa.","Shocks; Social capital"
"PM4JZ982","journalArticle","2022","Abufhele, Alejandra; Contreras, Dante; Puentes, Esteban; Telias, Amanda","Socioeconomic gradients in child development: Evidence from a Chilean longitudinal study 2010–2017","Advances in Life Course Research","10.1016/j.alcr.2021.100451","https://doi.org/10.1016/j.alcr.2021.100451","Longitudinal analysis of wealth gradients in language and socio-emotional development in Chile.","Wealth gradients; Chile"
"INFLJ3QV","journalArticle","2022","Gibson-Davis, Christina; Keister, Lisa A.; Gennetian, Lisa A.; Lowell, Warren","Net Worth Poverty and Child Development","Socius","10.1177/23780231221111672","https://doi.org/10.1177/23780231221111672","Panel study distinguishing net-worth poverty from income poverty in relation to cognitive and behavioral outcomes.","Net worth poverty; Child development"
